f1_score_train,prec_score_train,rec_score_train,f1_score_test,prec_score_test,rec_score_test,train_dev,test_dev
0.43578085689636364,0.4151107925444959,0.5103318722604884,0.4713644551642112,0.4595814798138467,0.5444311377245509,[3],[1]
0.4662646518253628,0.4410290346558133,0.5121263395375071,0.488150733169925,0.46875494824324243,0.5208241999123192,[4],[2]
0.4895343846603812,0.5176086924323051,0.5338409475465313,0.5044203627913877,0.5631007857339894,0.5432060112711333,[4],[3]
0.5069274291049432,0.5464445026761044,0.5532247964934252,0.4626879718322087,0.5631976842892963,0.5039481105470953,[3],[4]
