f1_score_train,prec_score_train,rec_score_train,f1_score_test,prec_score_test,rec_score_test,train_dev,test_dev
0.882180059272284,0.8827164648173396,0.8829054477144647,0.6282710393554399,0.6248817725284755,0.6349700598802395,[3],[1]
0.9375182315783759,0.9379314725139142,0.9376762549351382,0.5675054651239062,0.6001310529406776,0.5580885576501534,[4],[2]
0.9833652953519546,0.9833969564046304,0.9833615341229555,0.6418749639730958,0.6638286497119782,0.6314965560425798,[4],[3]
0.965247487450766,0.9653358551041964,0.9652473387601753,0.6138097012600341,0.6198919792840982,0.6280315848843767,[3],[4]
