f1_score_train,prec_score_train,rec_score_train,f1_score_test,prec_score_test,rec_score_test,train_dev,test_dev
0.9498449850190522,0.951336061403741,0.9495929868503444,0.6561283586261291,0.6577267205633975,0.6629940119760479,[3],[1]
0.9154640513712214,0.9170916860110075,0.9153976311336718,0.5714871721464023,0.609691656349543,0.558746163963174,[4],[2]
0.9330406038655557,0.9333659816708557,0.9331641285956007,0.6577357497384171,0.6748076072434185,0.6487163431433939,[4],[3]
0.9349318054280215,0.9366172804156443,0.9342517219787101,0.63017631308995,0.6352359424820401,0.6381838691483361,[3],[4]
