f1_score_train,prec_score_train,rec_score_train,f1_score_test,prec_score_test,rec_score_test,train_dev,test_dev
0.3416326106931126,0.34519371411026206,0.4192235441452724,0.40486932988533086,0.420725163526862,0.5029940119760479,[3],[1]
0.2659013616200134,0.3026451994240783,0.4170896785109983,0.31600895805184204,0.2999748578760134,0.4585708022797019,[4],[2]
0.2659013616200134,0.3026451994240783,0.4170896785109983,0.30731272401805826,0.2750623608737839,0.4514715090795241,[4],[3]
0.3416326106931126,0.34519371411026206,0.4192235441452724,0.32066519133504895,0.3555953618193702,0.42216582064297803,[3],[4]
