f1_score_train,prec_score_train,rec_score_train,f1_score_test,prec_score_test,rec_score_test,train_dev,test_dev
0.8390563267653339,0.8399577161060758,0.8412670323836489,0.7228487802469991,0.7253884594022982,0.722874251497006,"[2, 3, 4]",[1]
0.8980376845181212,0.8980303693646714,0.8985799358680715,0.6716700549687444,0.6886536692848046,0.6683472161332749,"[1, 3, 4]",[2]
0.9114099895973151,0.9113012879468333,0.9119921843197916,0.746267263395388,0.7456231176151175,0.747964934251722,"[1, 2, 4]",[3]
0.9024372975154781,0.9041937150241074,0.9025228396613864,0.6870617313970517,0.6905316550405813,0.6937394247038917,"[1, 2, 3]",[4]
