f1_score_train,prec_score_train,rec_score_train,f1_score_test,prec_score_test,rec_score_test,train_dev,test_dev
0.9996477102638651,0.9996481782651517,0.9996476702193253,0.7416802480762339,0.7417991474434074,0.7428435114503816,"[2, 3, 4]",[1]
0.9997264417053126,0.9997264988576209,0.9997264271384279,0.6953622468373508,0.7128331576941476,0.6944747761519983,"[1, 3, 4]",[2]
0.9997567537843546,0.9997568479316389,0.9997567699043295,0.7617291149394473,0.7605756857149908,0.7661164746184989,"[1, 2, 4]",[3]
0.9999165373296628,0.9999165699533037,0.999916541478885,0.698189119930315,0.7046400190373548,0.707830479932641,"[1, 2, 3]",[4]
