f1_score_train,prec_score_train,rec_score_train,f1_score_test,prec_score_test,rec_score_test,train_dev,test_dev
0.8113819077456476,0.8124140882145665,0.8158732967616351,0.6946785082554954,0.6978993601673368,0.6931736526946107,"[2, 3, 4]",[1]
0.9046533388910362,0.9046749761913717,0.9050847457627119,0.6765398183853305,0.6975080958779867,0.6729504603244191,"[1, 3, 4]",[2]
0.825543273931943,0.8247920713065636,0.8285435154278271,0.7319557098577548,0.7325844588079845,0.7338760175328741,"[1, 2, 4]",[3]
0.9071912387501794,0.9076986576544677,0.9071326795742184,0.6774421250924327,0.6820622953010336,0.6841511562323745,"[1, 2, 3]",[4]
