f1_score_train,prec_score_train,rec_score_train,f1_score_test,prec_score_test,rec_score_test,train_dev,test_dev
0.48654453802104614,0.48050102667153616,0.5377809237303132,0.5293690377638018,0.5224893791329823,0.5770059880239521,"[2, 3, 4]",[1]
0.5227807156748125,0.5353359953547001,0.5665597801191021,0.5085423972083442,0.5222561346540692,0.5477860587461639,"[1, 3, 4]",[2]
0.5320785387791763,0.5682191959294007,0.5801514288040381,0.5379722560776236,0.5751710755318262,0.5901690670006262,"[1, 2, 4]",[3]
0.5582410976606251,0.5788665161076184,0.5970161763473305,0.4997554921917255,0.5309628473566591,0.5445572476029329,"[1, 2, 3]",[4]
