f1_score_train,prec_score_train,rec_score_train,f1_score_test,prec_score_test,rec_score_test,train_dev,test_dev
0.47696478712629337,0.47199335166429457,0.4851353742700407,0.5049558301031914,0.5082065700126633,0.5070658682634731,"[2, 3, 4]",[1]
0.4814255003128335,0.4949912022833629,0.47485112230874943,0.4398063105585489,0.47187197511369927,0.43971942130644454,"[1, 3, 4]",[2]
0.4311508962101335,0.5147716486656975,0.4207441178865098,0.4078702253544567,0.5319348294689276,0.3854101440200376,"[1, 2, 4]",[3]
0.4761991654121771,0.48612176265365875,0.47892045930768584,0.4518252413363967,0.46143601403183143,0.4593908629441624,"[1, 2, 3]",[4]
