f1_score_train,prec_score_train,rec_score_train,f1_score_test,prec_score_test,rec_score_test,train_dev,test_dev
0.9129609844632162,0.9132597869243974,0.9132748904195366,0.6290729843187121,0.6251933460437255,0.6359281437125749,[3],[1]
0.9289743863283698,0.9295011831742103,0.930181590482154,0.6234035804263638,0.6328067396036805,0.6234107847435335,[3],[2]
0.9660506541842786,0.9661961818955056,0.9660236738272687,0.7092760756004373,0.7085651278047822,0.7160300563556669,[2],[3]
0.9624805540619321,0.9626311677233051,0.9624295554164057,0.6181239984098155,0.6215717042613321,0.6302876480541455,[3],[4]
