f1_score_train,prec_score_train,rec_score_train,f1_score_test,prec_score_test,rec_score_test,train_dev,test_dev
0.9044093999128127,0.9080079430621748,0.9035691922354414,0.6591414126496774,0.6594142266200294,0.6622754491017964,[3],[1]
0.9469867621722334,0.9481441068542023,0.9467752035065748,0.6268972653874495,0.6470236173678717,0.6247259973695748,[3],[2]
0.9377901091633972,0.9403131133415554,0.9375274002630425,0.7049289917393008,0.7072138288670081,0.7091421415153413,[2],[3]
0.922549296842787,0.9269386955217257,0.9214151534126487,0.6353591902407543,0.6373975903146484,0.6421319796954315,[3],[4]
