f1_score_train,prec_score_train,rec_score_train,f1_score_test,prec_score_test,rec_score_test,train_dev,test_dev
0.43578085689636364,0.4151107925444959,0.5103318722604884,0.4713644551642112,0.4595814798138467,0.5444311377245509,[3],[1]
0.4859404779426841,0.5909808974274547,0.5381966186599875,0.505509684851889,0.5699092433829039,0.5427444103463394,[3],[2]
0.5160667889577871,0.5033696653322266,0.5637878123629987,0.4562630905897822,0.5747546195810241,0.5200375704445835,[2],[3]
0.5119006562644518,0.5194020042571657,0.5676268002504696,0.4456560336529925,0.44767270516556695,0.5014100394811055,[3],[4]
