f1_score_train,prec_score_train,rec_score_train,f1_score_test,prec_score_test,rec_score_test,train_dev,test_dev
0.3416326106931126,0.34519371411026206,0.4192235441452724,0.40486932988533086,0.420725163526862,0.5029940119760479,[3],[1]
0.3416326106931126,0.34519371411026206,0.4192235441452724,0.32601923177128045,0.334074587004632,0.41911442349846556,[3],[2]
0.45442306575542657,0.4447494136376801,0.5157825515124945,0.3826130228199901,0.38232897479549655,0.4693174702567314,[2],[3]
0.3416326106931126,0.34519371411026206,0.4192235441452724,0.32066519133504895,0.3555953618193702,0.42216582064297803,[3],[4]
