f1_score_train,prec_score_train,rec_score_train,spec_score_train,f1_score_test,prec_score_test,rec_score_test,spec_score_test,train,test
0.7035836683190132,0.7188894127537767,0.7061755746330657,0.9263172611575646,0.6900309200325445,0.7038321168597671,0.6940137812230835,0.9232321149048642,0.7,0.3
