f1_score_train,prec_score_train,rec_score_train,f1_score_test,prec_score_test,rec_score_test,train,test
0.9613409017037491,0.9621629835629253,0.9612640266710034,0.6681327572257096,0.6656713028007436,0.6735206925174908,0.7,0.3
