f1_score_train,prec_score_train,rec_score_train,f1_score_test,prec_score_test,rec_score_test,train,test
0.46862019004548855,0.46222996573976277,0.4993076710052617,0.4670112666456755,0.4607575985158802,0.49849267872523684,0.7,0.3
