f1_score_train,prec_score_train,rec_score_train,spec_score_train,f1_score_test,prec_score_test,rec_score_test,spec_score_test,train,test
0.7491059060518652,0.74875113812356,0.7542032183127725,0.9364908474464555,0.7501009275167502,0.7495988329911433,0.7556925056925057,0.9368549176072296,0.7,0.3
