f1_score_train,prec_score_train,rec_score_train,spec_score_train,f1_score_test,prec_score_test,rec_score_test,spec_score_test,train,test
0.7493946766410493,0.7490800840786237,0.7546805554082293,0.9366033249806117,0.7500556103504589,0.7495256060064864,0.7553460053460054,0.9367998976678994,0.7,0.3
