f1_score_train,prec_score_train,rec_score_train,spec_score_train,f1_score_test,prec_score_test,rec_score_test,spec_score_test,train,test
0.772534887190281,0.7727170792583349,0.7774760535890446,0.9424558555170289,0.6958046984931847,0.694036558782755,0.7017127017127017,0.9230395860029414,0.7,0.3
