f1_score_train,prec_score_train,rec_score_train,f1_score_test,prec_score_test,rec_score_test,train,test
0.7386930310564606,0.7395215739859942,0.7459824127799052,0.6971097823091692,0.6964098038406008,0.7049054549054549,0.7,0.3
