f1_score_train,prec_score_train,rec_score_train,f1_score_test,prec_score_test,rec_score_test,train,test
0.9116112013762462,0.9116463052425805,0.9118434413366565,0.7558425090196582,0.7559175041258086,0.756244616709733,0.7,0.3
