f1_score_train,prec_score_train,rec_score_train,f1_score_test,prec_score_test,rec_score_test,train,test
0.7945929259422312,0.8039511631992965,0.792146213656084,0.685411555975416,0.6963666601554165,0.6806751806751806,0.7,0.3
