f1_score_train,prec_score_train,rec_score_train,f1_score_test,prec_score_test,rec_score_test,train,test
0.9996323915706601,0.9996326644181887,0.9996323867291609,0.7391064226424023,0.7352736450810952,0.7450686106346484,0.7,0.3
