f1_score_train,prec_score_train,rec_score_train,spec_score_train,f1_score_test,prec_score_test,rec_score_test,spec_score_test,train,test
0.9995404960973444,0.9995408964600702,0.9995404834114512,0.9998790703586108,0.7370990255364726,0.7337046949557021,0.7431389365351629,0.9349333270448243,0.7,0.3
