f1_score_train,prec_score_train,rec_score_train,f1_score_test,prec_score_test,rec_score_test,train,test
0.9997243061460768,0.9997245998333348,0.9997242900468707,0.7442894835091095,0.7415311768374268,0.7480703259005146,0.7,0.3
