f1_score_train,prec_score_train,rec_score_train,spec_score_train,f1_score_test,prec_score_test,rec_score_test,spec_score_test,train,test
0.9609880436281554,0.9617803417227206,0.9609184420230932,0.9895120344143029,0.6677963110939259,0.6647827385439774,0.6730937981738409,0.9159135836033523,0.7,0.3
