f1_score_train,prec_score_train,rec_score_train,spec_score_train,f1_score_test,prec_score_test,rec_score_test,spec_score_test,train,test
0.9493811076484053,0.951052249932193,0.9493311920637502,0.9863356740434795,0.6626557930483795,0.6600150856812653,0.6698920905964663,0.9145685986640798,0.7,0.3
