f1_score_train,prec_score_train,rec_score_train,f1_score_test,prec_score_test,rec_score_test,train,test
0.9605426615132316,0.9613696563214609,0.96047121483168,0.6645365643234575,0.6617316121346204,0.6697735088343413,0.7,0.3
