f1_score_train,prec_score_train,rec_score_train,spec_score_train,f1_score_test,prec_score_test,rec_score_test,spec_score_test,train,test
0.9599962848931284,0.960830404135349,0.959932509351114,0.9892322690995978,0.6667001259697521,0.6636927033186465,0.6725483220680659,0.9156580568017514,0.7,0.3
