f1_score_train,prec_score_train,rec_score_train,spec_score_train,f1_score_test,prec_score_test,rec_score_test,spec_score_test,train,test
0.9996323766566234,0.9996324604473296,0.9996323867291609,0.9999033480191695,0.7526226729296864,0.749873815773196,0.7564322469982847,0.9387989160318142,0.7,0.3
