f1_score_train,prec_score_train,rec_score_train,f1_score_test,prec_score_test,rec_score_test,train,test
0.9019724658363866,0.9050637024631901,0.9006738668882119,0.7595191173807567,0.764896968212573,0.7560292850990525,0.7,0.3
